account_id,account_name,segment,industry,region,signup_date,contract_start_date,contract_end_date,billing_term,contract_value,seats_licensed,seats_active,mau_m5,mau_m4,mau_m3,mau_m2,mau_m1,mau_m0,support_tickets_90d,escalations_90d,last_login_date,csat
ACC-1132,Solace Holdings,Mid-Market,Logistics,North America,2024-12-25,2024-12-25,2026-12-25,monthly,1660.09,43,17,0,1,1,1,1,1,6,0,2026-05-22,
ACC-1341,Cedar Partners,Mid-Market,Hospitality,EMEA,2025-01-28,2025-01-28,2026-12-04,annual,67135.04,144,107,0,0,9,5,11,2,0,0,2026-05-20,4.3
ACC-1118,Nimbus Industries,SMB,Logistics,North America,2024-01-29,2024-01-29,2026-12-28,annual,5723.84,26,12,10,10,11,11,11,10,6,1,2026-05-23,
ACC-1212,Helix Labs,Mid-Market,Retail,North America,2023-04-13,2023-04-13,2027-06-23,annual,61588.39,132,99,62,53,40,33,25,14,7,0,2026-05-14,3.1
ACC-1096,Quill Technologies,SMB,SaaS,North America,2024-06-05,2024-06-05,2026-06-19,annual,2765.58,12,18,9,7,6,4,3,2,1,0,2026-05-29,
ACC-1052,Redwood Health,Mid-Market,Hospitality,North America,2022-06-05,2022-06-05,2026-03-30,annual,31608.87,74,38,22,23,22,0,0,0,5,2,2026-02-04,4.8
ACC-1414,Yarrow Health,SMB,Logistics,North America,2024-08-05,2024-08-05,2027-06-20,annual,8997.83,38,29,2,0,1,2,2,0,4,0,2026-02-26,
ACC-1031,Crestline Works,Mid-Market,SaaS,APAC,2025-03-20,2025-03-20,2026-09-06,annual,115796.44,212,174,147,154,141,142,151,0,7,2,2026-05-25,2.8
ACC-1271,Yarrow Media,Enterprise,Retail,North America,2026-04-25,2026-04-25,2027-04-20,annual,617663.94,687,624,304,290,228,179,122,76,5,0,2026-05-23,
ACC-1382,Quill Trading,Mid-Market,Media,EMEA,2026-01-26,2026-01-26,2027-04-27,annual,130892.31,227,149,76,79,69,73,80,75,3,1,2026-05-26,
ACC-1394,Onyx Corp,SMB,Hospitality,EMEA,2025-09-03,2025-09-03,2026-11-14,annual,5470.55,17,11,5,6,7,8,9,9,7,1,2026-05-31,4.7
ACC-1355,Willow Corp,SMB,Media,EMEA,2023-04-18,2023-04-18,2026-10-18,annual,9792.57,28,26,14,14,15,14,14,15,2,0,2026-05-26,3.7
ACC-1387,Garnet Solutions,SMB,Logistics,North America,2022-06-04,2022-06-04,2026-03-19,annual,9881.46,38,16,9,10,10,9,9,10,5,0,2026-05-29,2.6
ACC-1145,Keystone Brands,SMB,Hospitality,North America,2024-07-09,2024-07-09,2026-08-13,monthly,665.68,27,21,0,1,1,0,0,0,3,1,2026-03-03,
ACC-1202,Larkfield Dynamics,Enterprise,Retail,North America,2024-08-22,2024-08-22,2027-03-14,monthly,83101.55,1488,1152,635,687,810,895,936,1055,5,0,2026-05-23,3.6
ACC-1244,Juniper Dynamics,SMB,Retail,EMEA,2025-02-02,2025-02-02,2027-08-11,annual,3092.28,16,7,2,2,2,3,3,4,4,1,2026-05-24,
ACC-1089,Nimbus Media,SMB,Manufacturing,North America,2024-03-17,2024-03-17,2027-02-16,monthly,577.87,23,21,11,11,11,10,10,10,8,1,2026-05-15,2.9
ACC-1235,Larkfield Foods,Mid-Market,FinServ,EMEA,2026-03-21,2026-03-21,2026-04-04,monthly,3326.91,110,39,20,20,19,0,0,0,6,1,2025-12-26,2.5
ACC-1306,Lumen Industries,SMB,Healthcare,EMEA,2025-12-31,2025-12-31,2027-03-06,annual,15138.76,37,34,31,28,21,17,12,8,4,1,2026-05-29,4.5
ACC-1115,Granite Corp,Enterprise,Hospitality,LATAM,2024-03-23,2024-03-23,2026-06-08,annual,203457.34,266,145,76,85,92,104,115,123,2,0,2026-05-28,
ACC-1030,Maple Technologies,Mid-Market,Healthcare,North America,2025-08-15,2025-08-15,2026-06-05,monthly,1979.86,74,36,26,26,25,28,25,25,3,1,2026-05-20,
ACC-1249,Summit Trading,Mid-Market,Logistics,APAC,2026-04-08,2026-04-08,2026-11-24,annual,32032.14,101,51,0,5,4,2,3,0,0,0,2026-05-31,
ACC-1421,Apex  Systems,Mid-Market,SaaS,APAC,2026-04-24,2026-04-24,2026-09-28,annual,73883.81,71,158,54,64,70,78,82,94,9,1,2026-05-30,3.6
ACC-1334,Solace Networks,Enterprise,FinServ,EMEA,2022-06-14,2022-06-14,2027-02-05,annual,672062.98,1049,499,321,305,294,292,291,319,5,2,2026-05-18,2.5
ACC-1295,Pinnacle Logistics,SMB,Media,EMEA,2022-11-20,2022-11-20,2026-12-16,annual,10913.76,29,24,12,10,8,6,4,3,2,0,2026-05-15,4.5
ACC-1253,Quantum Solutions,SMB,Hospitality,North America,2023-08-05,2023-08-05,2027-01-28,annual,8368.53,36,21,21,20,20,21,19,20,10,3,2026-05-21,
ACC-1098,Atlas Capital,Enterprise,FinServ,EMEA,2024-02-24,2024-02-24,2027-03-23,annual,-4500.0,1171,481,442,393,297,254,173,102,2,0,2026-05-23,3.8
ACC-1384,Willow Technologies,SMB,Retail,North America,2023-09-25,2023-09-25,2027-07-09,monthly,767.08,21,11,0,0,0,0,0,0,2,0,2026-03-29,
ACC-1380,Xenon Media,Mid-Market,Media,North America,2025-12-05,2025-12-05,2027-02-10,annual,160695.91,239,147,138,139,136,133,149,137,9,1,2026-05-25,2.9
ACC-1177,Fjord Trading,SMB,Hospitality,North America,2025-12-20,2025-12-20,2027-04-05,annual,8571.7,28,10,4,4,3,2,1,1,4,0,2026-06-01,3.8
ACC-1139,Summit Foods,Enterprise,Retail,North America,2022-09-12,2022-09-12,2026-10-16,annual,502423.14,605,219,84,100,105,126,133,144,3,0,2026-05-21,
ACC-1287,Beacon Foods,Mid-Market,Construction,North America,2023-12-09,2023-12-09,2026-12-06,monthly,1980.88,81,64,34,35,39,36,37,38,11,3,2026-05-14,3.1
ACC-1002,Delta Supply,SMB,Manufacturing,North America,2024-11-18,2024-11-18,2026-12-19,annual,3643.02,12,18,3,3,3,4,4,5,5,2,2026-06-01,
ACC-1265,Sterling Networks,Enterprise,Manufacturing,LATAM,2023-06-12,2023-06-12,2027-06-24,annual,495783.6,640,474,277,257,288,270,282,260,4,0,2026-05-24,
ACC-1051,Redwood Dynamics,Mid-Market,Education,APAC,2022-05-19,2022-05-19,2026-08-17,annual,94971.41,133,58,37,35,26,19,13,0,2,0,2026-05-26,
ACC-1194,Yarrow Brands,SMB,Education,North America,2023-09-20,2023-09-20,2027-03-01,annual,8215.66,20,12,5,5,5,6,5,6,4,1,2026-05-23,
ACC-1164,Crestline Logistics,Enterprise,Manufacturing,North America,2025-02-23,2025-02-23,2026-03-18,annual,703357.95,1343,873,401,483,509,592,652,680,5,0,2026-05-25,4.0
ACC-1246,Keystone Dynamics,Enterprise,Hospitality,North America,2022-09-21,2022-09-21,2027-02-10,annual,210074.02,568,308,142,170,189,196,226,247,5,0,2026-05-30,
ACC-1084,Xenon Partners,Mid-Market,Education,North America,2024-06-13,2024-06-13,2025-12-30,monthly,9309.32,177,167,115,118,116,103,114,103,4,0,2026-05-19,
ACC-1162,Ember Works,Enterprise,Media,North America,2025-06-16,2025-06-16,2025-11-23,annual,455119.31,1146,521,457,496,448,0,0,0,9,2,2025-12-14,
ACC-1232,Fjord Partners,SMB,Hospitality,North America,2022-05-28,2022-05-28,2026-06-24,annual,5694.66,30,17,0,0,0,0,0,1,1,0,2026-05-27,2.9
ACC-1248,Tundra Trading,SMB,Media,North America,2025-02-02,2025-02-02,2026-03-10,annual,12233.53,26,21,6,7,7,8,8,10,6,1,2026-05-24,4.8
ACC-1026,Fjord Systems,,SaaS,North America,2025-03-18,2025-03-18,2026-09-26,annual,75467.44,237,149,46,52,56,62,68,75,5,1,2026-05-13,
ACC-1353,Quantum Industries,Mid-Market,Healthcare,EMEA,2024-08-09,2024-08-09,2026-08-31,annual,49618.85,80,32,0,0,0,2,2,1,2,0,2026-05-19,
ACC-1362,Xenon Foods,SMB,Logistics,EMEA,2022-09-22,2022-09-22,2027-04-11,monthly,1333.7,31,18,15,16,15,15,16,17,8,2,2026-05-20,3.2
ACC-1101,Vertex Group,Enterprise,Hospitality,North America,2023-05-29,2023-05-29,2026-09-08,annual,1303689.61,1314,1118,419,456,539,565,643,667,4,1,2026-05-31,
ACC-1413,Solace Solutions,Mid-Market,Construction,EMEA,2022-06-08,2022-06-08,2027-04-22,annual,120005.2,208,79,40,43,48,55,64,67,5,1,2026-05-14,
ACC-1281,Quantum Partners,SMB,Healthcare,North America,2025-04-30,2025-04-30,2027-01-14,monthly,332.27,12,7,3,4,4,3,4,4,4,1,2026-05-16,
ACC-1056,Garnet Foods,SMB,Healthcare,North America,2023-01-09,2023-01-09,2026-08-29,annual,8783.98,38,32,12,13,15,17,17,20,5,2,2026-05-27,3.3
ACC-1163,Cobalt Health,SMB,Construction,North America,2024-01-12,2024-01-12,2026-08-10,annual,8788.61,17,14,7,6,4,3,2,1,1,0,2026-05-20,
ACC-1114,Redwood Systems,SMB,Healthcare,North America,2025-04-20,2025-04-20,2027-01-27,annual,7837.36,37,20,7,8,10,11,12,13,6,2,2026-05-27,3.8
ACC-1367,Granite Solutions,Mid-Market,Education,APAC,2023-03-19,2023-03-19,2026-09-18,annual,57696.53,105,80,48,50,59,62,73,78,6,1,2026-05-27,
ACC-1014,Helix Solutions,SMB,Hospitality,APAC,2024-07-16,2024-07-16,2027-02-02,annual,8955.68,31,23,17,17,18,16,17,0,3,1,2026-06-01,
ACC-1141,Meridian Health,Enterprise,FinServ,North America,2026-05-04,2026-05-04,2027-05-21,annual,191844.77,279,241,80,91,100,117,122,137,4,0,2026-05-23,4.4
ACC-1060,Meridian Corp,Mid-Market,SaaS,North America,2025-07-21,2025-07-21,2026-06-22,monthly,3517.69,163,87,80,78,74,74,74,72,7,1,2026-05-30,4.4
ACC-1148,Summit Networks,SMB,SaaS,North America,2025-11-29,2025-11-29,2027-01-08,annual,3772.21,7,6,4,4,3,2,1,1,6,0,2026-05-27,2.7
ACC-1390,Northwind Solutions,SMB,Healthcare,EMEA,2024-07-09,2024-07-09,2026-04-02,annual,8319.86,19,16,5,6,6,7,8,9,2,1,2026-05-29,
ACC-1003,Vertex Health,Mid-Market,Logistics,APAC,2023-10-16,2023-10-16,2027-02-06,annual,153274.69,248,208,183,171,169,158,183,160,2,0,2026-05-19,
ACC-1320,Umbra Systems,Enterprise,FinServ,North America,2026-05-29,2026-05-29,2027-05-29,monthly,80300.66,928,618,0,0,0,0,0,59,2,0,2026-05-27,3.0
ACC-1256,Pinnacle Works,Enterprise,Healthcare,North America,2025-10-09,2025-10-09,2027-03-31,annual,1074789.1,1040,683,305,371,413,459,504,530,6,0,2026-06-01,3.5
ACC-1168,Cedar Networks,Mid-Market,SaaS,North America,2022-08-27,2022-08-27,2026-09-21,monthly,6150.73,164,76,47,48,50,49,46,45,3,1,2026-05-24,
ACC-1065,Keystone Systems,Mid-Market,SaaS,North America,2026-02-19,2026-02-19,2026-11-04,annual,78561.7,199,155,76,89,102,103,114,128,7,1,2026-05-16,
ACC-1316,Redwood Networks,Mid-Market,Healthcare,North America,2026-03-04,2026-03-04,2026-12-31,monthly,3192.54,74,45,39,41,41,40,43,42,5,0,2026-05-17,
ACC-1307,Northwind Health,Mid-Market,Education,North America,2022-08-03,2022-08-03,2027-06-17,annual,-4500.0,115,55,23,26,28,31,34,39,7,2,2026-05-30,
ACC-1302,Tundra Technologies,Enterprise,Hospitality,North America,2025-06-24,2025-06-24,2027-02-12,annual,390715.92,422,177,150,143,147,152,147,163,4,1,2026-05-24,4.3
ACC-1174,Pioneer Works,SMB,Media,North America,2024-09-10,2024-09-10,2026-07-21,annual,4038.94,16,12,7,6,5,4,3,1,3,2,2026-05-23,3.5
ACC-1365,Juniper Capital,Mid-Market,Construction,LATAM,2023-05-23,2023-05-23,2026-11-30,annual,25137.22,54,44,37,29,27,19,15,10,6,1,2026-05-28,3.8
ACC-1111,Vertex Media,SMB,FinServ,North America,2022-08-13,2022-08-13,2026-10-21,annual,3585.61,18,9,2,3,3,4,4,4,4,0,2026-05-21,2.6
ACC-1269,Juniper Health,Mid-Market,Education,EMEA,2023-07-25,2023-07-25,2026-12-11,annual,50953.66,107,93,68,64,69,61,67,69,13,2,2026-06-01,
ACC-1028,Pinnacle Health,SMB,Manufacturing,North America,2022-06-15,2022-06-15,2027-03-31,annual,16911.15,35,33,15,17,19,20,22,24,4,0,2026-05-29,
ACC-1041,Larkfield Capital,Enterprise,SaaS,North America,2026-03-29,2026-03-29,2026-06-01,annual,261991.1,356,259,173,164,182,167,164,166,6,0,2026-05-17,
ACC-1381,Meridian Labs,Mid-Market,Education,North America,2023-06-09,2023-06-09,2027-06-08,monthly,9256.74,185,81,2,2,2,8,2,10,2,1,2026-05-30,
ACC-1022,Cedar Technologies,SMB,Manufacturing,North America,2024-08-25,2024-08-25,2026-07-16,annual,1799.08,9,5,4,3,3,3,4,3,6,0,2026-05-23,
ACC-1080,Lumen Group,Mid-Market,SaaS,North America,2024-06-23,2024-06-23,2026-01-11,annual,-4500.0,67,42,15,16,20,0,0,0,3,1,2025-10-12,3.6
ACC-1032,Willow Logistics,,Construction,North America,2025-09-26,2025-09-26,2027-01-27,annual,835520.11,1353,1091,672,652,699,716,646,691,8,1,2026-05-18,
ACC-1147,Helix Logistics,Mid-Market,Hospitality,APAC,2024-02-18,2024-02-18,2026-11-01,monthly,1603.45,66,58,54,42,39,29,23,0,3,0,2026-05-28,4.2
ACC-1377,Vertex Technologies,Enterprise,Construction,North America,2024-08-16,2024-08-16,2027-03-27,annual,313086.17,413,370,27,10,22,29,32,16,2,0,2026-05-15,
ACC-1057,Northwind Industries,Mid-Market,Construction,EMEA,2024-05-16,2024-05-16,2026-08-06,monthly,2397.0,61,38,38,34,35,35,35,34,4,1,2026-05-13,4.1
ACC-1062,Ionic Media,SMB,SaaS,North America,2023-06-06,2023-06-06,2026-06-30,annual,7009.24,35,13,10,11,11,10,11,10,6,1,2026-05-27,3.3
ACC-1216,Fjord Foods,Mid-Market,Education,EMEA,2024-04-30,2024-04-30,2027-03-11,annual,20603.32,46,34,36,29,23,19,12,8,1,1,2026-05-15,
ACC-1310,Yarrow Corp,Mid-Market,Hospitality,North America,2024-01-08,2024-01-08,2026-02-04,monthly,3490.16,130,58,59,54,54,57,50,54,9,1,2026-05-14,3.7
ACC-1206,Quill Media,SMB,Hospitality,EMEA,2022-12-18,2022-12-18,2026-05-13,annual,9659.93,22,19,17,17,16,0,0,0,8,2,2025-11-19,4.2
ACC-1411,Garnet Capital,Mid-Market,Healthcare,North America,2023-12-11,2023-12-11,2026-05-07,annual,53150.21,77,32,28,27,30,26,28,30,5,0,2026-05-26,4.8
ACC-1347,Maple Group,Mid-Market,Hospitality,APAC,2023-03-15,2023-03-15,2026-09-17,monthly,5179.08,128,99,48,45,49,50,49,0,0,0,2026-05-25,4.2
ACC-1138,Helix Industries,SMB,Media,APAC,2025-04-27,2025-04-27,2026-12-07,monthly,555.42,23,15,5,6,7,8,9,10,7,0,2026-05-27,
ACC-1146,Beacon Systems,Enterprise,FinServ,EMEA,2026-05-13,2026-05-13,2027-05-13,monthly,24432.0,493,251,0,0,0,0,0,92,2,2,2026-05-31,3.3
ACC-1289,Redwood Industries,Mid-Market,Retail,EMEA,2026-04-08,2026-04-08,2026-11-27,annual,124182.93,223,88,62,64,72,68,66,64,3,1,2026-05-23,
ACC-1395,Apex Group,SMB,Healthcare,APAC,2026-04-09,2026-04-09,2026-08-09,annual,5043.5,13,9,4,4,5,5,5,0,6,1,2026-05-31,4.7
ACC-1259,Redwood Brands,SMB,Construction,APAC,2023-12-22,2023-12-22,2026-07-16,annual,1831.39,6,2,1,0,1,0,1,1,1,0,2026-05-30,
ACC-1187,Crestline Partners,Enterprise,Hospitality,North America,2023-04-17,2023-04-17,2026-10-12,monthly,21924.28,494,354,351,361,336,333,330,344,7,1,2026-05-31,
ACC-1240,Crestline Brands,SMB,Media,EMEA,2024-11-05,2024-11-05,2027-06-25,annual,15511.63,32,20,15,12,9,8,5,3,4,0,2026-05-25,
ACC-1120,Pioneer Brands,SMB,Healthcare,APAC,2025-06-24,2025-06-24,2026-09-30,annual,6344.08,17,12,5,5,6,7,8,9,3,0,2026-05-26,4.7
ACC-1228,Tundra Works,,Construction,LATAM,2023-12-04,2023-12-04,2026-10-12,annual,5983.23,17,9,0,0,0,0,0,0,3,1,2026-04-13,3.8
ACC-1422,CEDAR GROUP,Mid-Market,Manufacturing,North America,2023-02-20,2023-02-20,2026-09-30,annual,9984.71,24,32,19,18,18,19,17,20,3,0,2026-05-22,4.1
ACC-1165,Orion Holdings,Mid-Market,SaaS,North America,2022-05-26,2022-05-26,2026-05-03,monthly,2287.22,66,49,42,44,38,39,38,39,2,0,2026-05-24,2.5
ACC-1193,Garnet Holdings,SMB,SaaS,EMEA,2024-06-05,2024-06-05,2027-06-05,monthly,1343.21,30,11,7,7,8,8,8,8,2,0,2026-05-15,4.2
ACC-1013,Crestline Networks,SMB,Manufacturing,North America,2022-08-02,2022-08-02,2026-08-12,annual,7176.5,28,23,21,20,21,20,20,22,10,2,2026-05-17,
ACC-1157,Quantum Supply,SMB,Healthcare,APAC,2022-11-11,2022-11-11,2026-08-28,monthly,362.79,14,6,3,2,2,1,1,0,4,2,2026-03-05,3.1
ACC-1402,Lumen Supply,Mid-Market,Hospitality,EMEA,2023-07-23,2023-07-23,2027-05-02,annual,135997.63,212,197,139,115,92,80,51,32,3,1,2026-06-01,4.1
ACC-1090,Keystone Logistics,Enterprise,Logistics,LATAM,2025-07-27,2025-07-27,2026-10-13,annual,1133486.96,1095,601,526,509,524,485,528,495,4,0,2026-05-19,
ACC-1237,Xenon Trading,Mid-Market,FinServ,APAC,2022-11-11,2022-11-11,2026-07-31,annual,46106.48,74,46,27,20,18,14,11,0,1,0,2026-05-29,
ACC-1059,Delta Health,Mid-Market,Media,North America,2024-07-25,2024-07-25,2026-10-31,annual,106753.32,197,154,129,122,94,84,58,35,3,0,2026-05-22,
ACC-1389,Tundra Dynamics,SMB,Healthcare,EMEA,2023-08-11,2023-08-11,2027-03-09,annual,2655.95,11,9,4,3,4,3,4,3,4,1,2026-05-20,3.2
ACC-1155,Helix Systems,Mid-Market,Healthcare,EMEA,2025-03-06,2025-03-06,2026-05-25,annual,95819.71,182,103,87,83,65,57,35,22,4,0,2026-05-25,
ACC-1074,Harbor Foods,,Manufacturing,APAC,2024-05-15,2024-05-15,2027-03-10,annual,14441.09,36,23,10,11,13,14,16,17,6,1,2026-05-29,4.7
ACC-1079,Cobalt Systems,Enterprise,Media,North America,2023-11-24,2023-11-24,2027-02-09,monthly,23807.33,596,326,250,212,195,145,112,68,3,2,2026-05-28,
ACC-1170,Pinnacle Partners,SMB,Manufacturing,EMEA,2023-03-08,2023-03-08,2025-12-31,annual,7358.39,15,9,0,0,0,0,0,0,0,0,2026-03-28,
ACC-1129,Pioneer Corp,SMB,Construction,North America,2022-05-10,2022-05-10,2026-10-03,annual,14537.91,27,21,12,14,15,16,18,19,4,0,2026-05-13,4.3
ACC-1081,Quill Capital,Mid-Market,Retail,North America,2024-03-10,2024-03-10,2026-06-25,annual,78128.67,178,142,93,98,100,106,92,101,3,0,2026-05-24,3.5
ACC-1318,Keystone Group,Enterprise,SaaS,EMEA,2024-06-04,2024-06-04,2026-08-08,monthly,-4500.0,549,196,165,148,120,92,67,42,5,1,2026-05-15,3.4
ACC-1050,Solace Systems,Mid-Market,Logistics,North America,2025-03-25,2025-03-25,2026-03-29,annual,39150.76,109,45,31,26,19,17,12,7,3,0,2026-05-28,4.5
ACC-1264,Yarrow Networks,SMB,Media,North America,2024-11-26,2024-11-26,2026-08-11,annual,6094.55,12,8,5,5,4,3,2,1,6,3,2026-05-29,4.7
ACC-1326,Quantum Group,,Media,EMEA,2026-01-27,2026-01-27,2026-08-04,monthly,1118.86,30,28,27,28,29,25,26,27,6,2,2026-05-13,
ACC-1173,Northwind Partners,Enterprise,Hospitality,North America,2024-10-14,2024-10-14,2027-03-09,annual,824012.07,995,943,774,853,774,836,847,770,7,3,2026-05-30,
ACC-1357,Xenon Holdings,SMB,Hospitality,EMEA,2023-05-04,2023-05-04,2026-06-01,annual,2174.97,8,5,2,2,2,1,1,0,1,0,2026-04-11,4.1
ACC-1222,Juniper Partners,SMB,Logistics,APAC,2025-03-31,2025-03-31,2027-01-10,monthly,972.05,25,22,11,13,14,15,16,18,5,0,2026-06-01,
ACC-1319,Nimbus Supply,SMB,Media,LATAM,2024-05-09,2024-05-09,2026-05-13,annual,17533.11,33,22,17,16,16,17,17,16,7,0,2026-05-18,
ACC-1053,Ember Capital,SMB,FinServ,North America,2024-01-28,2024-01-28,2027-05-02,annual,17879.0,38,16,14,11,10,8,5,3,0,0,2026-05-18,
ACC-1371,Pinnacle Trading,Mid-Market,Healthcare,APAC,2025-06-19,2025-06-19,2026-10-13,monthly,9291.11,184,119,42,48,58,65,68,0,6,2,2026-05-30,4.6
ACC-1388,Cobalt Group,SMB,FinServ,EMEA,2024-06-04,2024-06-04,2027-04-20,annual,3005.47,12,7,4,3,3,3,3,3,4,1,2026-05-13,
ACC-1109,Fjord Capital,Mid-Market,Manufacturing,North America,2023-05-31,2023-05-31,2026-06-20,monthly,8227.65,180,159,7,11,1,15,4,15,2,1,2026-05-21,2.6
ACC-1379,Quill Logistics,Mid-Market,Logistics,EMEA,2023-07-08,2023-07-08,2027-04-16,annual,68902.74,105,83,67,63,72,64,70,65,8,1,2026-05-13,3.5
ACC-1328,Zephyr Networks,Mid-Market,Healthcare,North America,2024-09-22,2024-09-22,2026-09-03,annual,57261.73,236,124,70,67,73,65,71,69,3,0,2026-05-20,
ACC-1261,Umbra Corp,SMB,Logistics,North America,2025-12-05,2025-12-05,2027-03-11,annual,4393.46,23,35,15,16,16,17,15,16,8,3,2026-05-26,
ACC-1330,Beacon Group,SMB,SaaS,EMEA,2026-01-19,2026-01-19,2026-08-17,annual,1818.77,5,4,3,2,2,1,1,0,1,0,2026-03-05,
ACC-1239,Vertex Networks,SMB,Media,North America,2024-12-03,2024-12-03,2026-11-10,annual,18466.33,39,28,15,15,16,15,16,14,2,2,2026-05-19,3.1
ACC-1066,Cobalt Solutions,Mid-Market,Hospitality,EMEA,2024-03-08,2024-03-08,2026-12-14,monthly,5124.74,217,190,176,149,117,94,74,45,2,0,2026-05-25,4.9
ACC-1346,Cedar Media,Mid-Market,Healthcare,EMEA,2026-01-01,2026-01-01,2026-10-13,monthly,3602.53,164,117,45,51,61,63,70,77,0,0,2026-05-25,4.2
ACC-1188,Northwind Capital,Mid-Market,Construction,LATAM,2026-01-03,2026-01-03,2025-12-15,annual,44355.9,67,33,18,19,21,25,27,30,11,2,2026-05-16,4.2
ACC-1231,Redwood Supply,Enterprise,Education,North America,2024-10-16,2024-10-16,2026-08-16,monthly,18461.5,490,188,16,17,15,8,18,15,7,0,2026-05-21,
ACC-1099,Redwood Solutions,Enterprise,Retail,North America,2022-09-15,2022-09-15,2027-07-13,annual,668801.93,717,295,185,160,130,108,81,49,5,1,2026-05-29,
ACC-1015,Ember Labs,SMB,Media,North America,2023-02-06,2023-02-06,2026-08-09,monthly,698.59,37,28,24,22,18,15,10,6,5,0,2026-05-28,
ACC-1301,Apex Capital,SMB,Construction,EMEA,2025-04-12,2025-04-12,2026-07-24,annual,8288.14,32,21,9,8,6,5,4,2,3,2,2026-05-27,
ACC-1255,Cobalt Logistics,SMB,Hospitality,North America,2023-06-07,2023-06-07,2027-06-21,annual,5276.96,26,40,7,5,4,4,2,1,2,2,2026-05-19,
ACC-1086,Fjord Solutions,SMB,Logistics,APAC,2023-11-21,2023-11-21,2027-03-21,annual,11557.9,33,23,21,20,21,19,21,0,6,0,2026-05-29,
ACC-1037,Cobalt Labs,Enterprise,Logistics,APAC,2023-10-14,2023-10-14,2026-09-18,annual,575944.27,594,544,323,330,301,337,333,333,5,0,2026-05-30,
ACC-1416,Lumen Technologies,SMB,FinServ,North America,2024-12-21,2024-12-21,2027-03-05,monthly,1187.02,30,28,19,17,15,12,8,5,6,1,2026-05-21,4.4
ACC-1321,Umbra Dynamics,Mid-Market,Hospitality,EMEA,2023-12-16,2023-12-16,2026-06-02,annual,42480.47,60,24,21,19,21,20,20,19,8,0,2026-06-01,2.8
ACC-1073,Willow Holdings,Mid-Market,Healthcare,EMEA,2025-08-12,2025-08-12,2026-05-28,annual,50197.8,83,39,37,37,36,37,38,35,7,2,2026-05-16,3.5
ACC-1400,Cobalt Corp,SMB,SaaS,North America,2025-02-20,2025-02-20,2026-08-11,annual,10327.99,30,27,13,15,17,20,21,22,10,2,2026-05-29,3.3
ACC-1104,Onyx Labs,Mid-Market,Healthcare,EMEA,2024-09-13,2024-09-13,2026-01-05,annual,58790.07,130,118,61,69,77,0,0,0,3,1,2026-02-03,
ACC-1418,Larkfield Works,SMB,Healthcare,APAC,2024-07-31,2024-07-31,2026-11-09,annual,8239.03,16,24,6,6,7,6,6,6,3,0,2026-05-20,
ACC-1254,Keystone Labs,Mid-Market,SaaS,North America,2023-08-28,2023-08-28,2027-04-14,annual,71637.94,111,84,46,43,50,50,43,49,5,1,2026-05-17,
ACC-1016,Vertex Foods,Mid-Market,Retail,LATAM,2026-05-18,2026-05-18,2027-05-18,annual,87681.78,219,141,0,0,0,0,0,48,2,0,2026-05-29,4.5
ACC-1274,Garnet Brands,Mid-Market,Manufacturing,North America,2024-03-05,2024-03-05,2026-10-30,annual,32601.51,90,61,44,41,41,42,44,43,7,0,2026-05-26,
ACC-1088,Beacon Works,Mid-Market,Healthcare,EMEA,2024-07-19,2024-07-19,2026-06-25,annual,70548.07,106,96,76,66,50,39,29,19,4,0,2026-05-19,
ACC-1236,Apex Logistics,Enterprise,FinServ,North America,2022-11-04,2022-11-04,2027-02-28,monthly,57556.69,823,708,476,436,443,478,437,457,10,6,2026-05-16,
ACC-1140,Summit Industries,Enterprise,Construction,APAC,2025-05-29,2025-05-29,2026-10-07,annual,159372.44,300,194,13,16,5,18,5,16,1,0,2026-05-13,
ACC-1102,Delta Brands,SMB,Logistics,North America,2023-09-10,2023-09-10,2027-01-23,annual,5127.44,10,9,0,0,0,0,0,0,1,0,2026-02-12,
ACC-1351,Beacon Brands,Enterprise,Healthcare,North America,2025-07-13,2025-07-13,2026-06-07,monthly,50101.63,694,495,372,397,380,388,358,368,7,0,2026-05-15,3.4
ACC-1200,Pinnacle Networks,SMB,SaaS,North America,2026-05-09,2026-05-09,2027-05-09,monthly,233.38,9,3,0,0,0,0,0,1,1,1,2026-05-30,3.6
ACC-1070,Northwind Labs,Mid-Market,Manufacturing,EMEA,2023-05-03,2023-05-03,2026-09-09,annual,100501.32,140,57,52,45,37,30,19,14,0,0,2026-05-27,3.0
ACC-1133,Yarrow Works,SMB,Healthcare,EMEA,2022-06-11,2022-06-11,2026-03-17,annual,2126.33,9,8,2,2,3,3,3,3,7,0,2026-05-30,
ACC-1220,Willow Industries,SMB,Retail,APAC,2024-08-06,2024-08-06,2026-07-11,annual,2362.58,6,5,0,0,0,0,0,0,2,0,2026-03-16,
ACC-1417,Yarrow Capital,SMB,SaaS,EMEA,2024-02-23,2024-02-23,2026-09-09,monthly,181.17,10,8,0,0,0,0,0,0,5,1,2026-03-14,
ACC-1159,Tundra Supply,Mid-Market,Manufacturing,North America,2025-07-17,2025-07-17,2027-10-08,monthly,1796.62,41,32,12,13,16,18,18,20,7,2,2026-05-15,3.2
ACC-1406,Ionic Systems,Mid-Market,SaaS,North America,2024-07-29,2024-07-29,2026-09-03,annual,154012.31,227,166,71,83,91,97,105,115,5,1,2026-05-25,
ACC-1278,Vertex Holdings,SMB,Education,EMEA,2025-05-08,2025-05-08,2027-02-16,monthly,1043.17,38,29,23,22,23,24,22,24,6,0,2026-05-22,
ACC-1358,Keystone Solutions,SMB,Logistics,LATAM,2026-01-30,2026-01-30,2026-10-16,annual,9124.41,27,25,21,16,12,10,8,5,3,1,2026-06-01,
ACC-1018,Umbra Networks,Mid-Market,Logistics,EMEA,2023-08-01,2023-08-01,2027-05-13,annual,24353.39,62,49,39,41,42,42,39,38,7,1,2026-05-27,2.5
ACC-1336,Helix Capital,Mid-Market,FinServ,APAC,2023-09-15,2023-09-15,2027-02-10,annual,28359.5,59,28,14,17,18,21,23,24,4,2,2026-05-23,
ACC-1020,Quantum Dynamics,Mid-Market,SaaS,LATAM,2024-09-30,2024-09-30,2026-07-31,monthly,4544.83,77,45,35,38,37,37,38,38,1,0,2026-05-25,3.5
ACC-1055,Ionic Corp,Mid-Market,SaaS,North America,2025-03-29,2025-03-29,2027-03-01,annual,57683.78,201,143,99,101,101,109,99,109,6,0,2026-05-17,
ACC-1227,Solace Logistics,SMB,FinServ,EMEA,2022-07-18,2022-07-18,2026-09-04,annual,12443.53,30,12,0,0,0,0,0,0,1,0,2026-04-18,
ACC-1360,Yarrow Solutions,Mid-Market,Healthcare,APAC,2022-06-26,2022-06-26,2026-06-21,annual,122108.05,234,116,64,78,80,95,106,0,6,1,2026-05-31,4.6
ACC-1300,Meridian Technologies,Mid-Market,Logistics,EMEA,2022-07-25,2022-07-25,2025-07-30,annual,48374.1,188,133,80,64,54,0,0,0,5,0,2025-11-30,3.1
ACC-1034,Redwood Partners,Mid-Market,Healthcare,EMEA,2024-09-17,2024-09-17,2026-04-26,annual,159799.54,247,120,76,63,55,0,0,0,2,0,2026-02-01,4.6
ACC-1150,Sterling Technologies,Mid-Market,Manufacturing,North America,2026-02-28,2026-02-28,2027-03-13,annual,11797.56,43,35,18,21,24,26,29,33,10,2,2026-05-31,4.3
ACC-1385,Yarrow Foods,Mid-Market,Media,North America,2022-11-25,2022-11-25,2026-10-28,monthly,4227.91,151,124,82,79,83,88,83,80,4,0,2026-05-23,3.3
ACC-1181,Pioneer Industries,SMB,Education,North America,2022-07-02,2022-07-02,2027-08-06,annual,7124.61,20,11,3,3,3,4,4,4,5,0,2026-05-21,
ACC-1242,Solace Brands,Enterprise,Retail,North America,2023-02-17,2023-02-17,2027-04-05,annual,585926.79,710,362,210,170,135,110,83,48,2,1,2026-05-17,3.5
ACC-1097,Atlas Dynamics,,Manufacturing,North America,2026-03-17,2026-03-17,2027-04-09,annual,54007.66,114,80,33,41,44,48,56,60,2,0,2026-05-18,4.8
ACC-1333,Tundra Health,SMB,Media,North America,2023-03-14,2023-03-14,2026-08-24,monthly,248.11,8,7,0,0,0,0,0,0,1,0,2026-02-17,
ACC-1154,Granite Partners,SMB,Manufacturing,North America,2023-09-15,2023-09-15,2027-10-22,annual,7203.76,32,27,7,8,10,10,12,13,3,1,2026-05-26,4.2
ACC-1122,Delta Works,Enterprise,FinServ,EMEA,2025-10-10,2025-10-10,2026-12-19,monthly,34692.68,502,192,144,147,140,144,150,162,5,0,2026-05-19,
ACC-1113,Quill Solutions,Enterprise,Education,EMEA,2023-09-09,2023-09-09,2026-08-27,monthly,22402.6,525,412,285,275,206,183,119,73,2,1,2026-05-27,
ACC-1408,Quantum Capital,SMB,Retail,APAC,2023-12-08,2023-12-08,2026-11-08,annual,3136.04,6,3,1,1,1,0,1,1,11,2,2026-05-15,3.5
ACC-1277,Xenon Brands,Mid-Market,Education,North America,2024-03-10,2024-03-10,2026-05-30,annual,65477.94,117,99,82,84,80,91,88,81,9,0,2026-05-31,4.8
ACC-1221,Willow Brands,SMB,Education,EMEA,2024-06-01,2024-06-01,2027-06-11,monthly,495.16,16,24,4,3,2,2,1,1,3,0,2026-05-23,3.5
ACC-1108,Apex Dynamics,SMB,Healthcare,North America,2023-02-08,2023-02-08,2026-03-20,annual,16269.15,33,31,17,16,18,15,16,16,7,1,2026-05-25,4.9
ACC-1337,Helix Media,Mid-Market,Logistics,North America,2025-12-16,2025-12-16,2026-07-26,annual,49421.15,179,148,133,133,132,143,142,146,6,1,2026-06-01,
ACC-1094,Maple Brands,SMB,Manufacturing,APAC,2023-07-10,2023-07-10,2026-09-28,monthly,384.75,25,14,12,9,8,6,4,0,2,0,2026-05-26,2.8
ACC-1207,Xenon Supply,Mid-Market,Hospitality,EMEA,2024-12-10,2024-12-10,2027-01-24,monthly,4049.75,166,96,73,60,51,45,30,18,4,1,2026-05-28,
ACC-1125,Quantum Technologies,Mid-Market,Hospitality,North America,2023-09-17,2023-09-17,2027-05-31,monthly,5925.95,101,59,20,21,25,28,29,32,3,0,2026-05-13,
ACC-1284,Nimbus Trading,SMB,Retail,LATAM,2023-02-25,2023-02-25,2026-11-27,annual,1667.35,8,4,1,2,2,2,2,2,6,0,2026-05-25,
ACC-1405,Atlas Systems,Mid-Market,Education,EMEA,2025-12-11,2025-12-11,2026-05-07,annual,155312.07,216,136,48,56,65,69,79,85,4,0,2026-05-13,3.0
ACC-1091,Yarrow Group,SMB,Manufacturing,EMEA,2023-05-24,2023-05-24,2026-08-19,monthly,476.33,13,5,2,2,2,1,1,0,4,1,2026-04-19,2.8
ACC-1401,Maple Trading,Mid-Market,Manufacturing,EMEA,2022-09-20,2022-09-20,2027-02-17,annual,101125.47,210,172,54,63,70,73,81,90,8,1,2026-05-25,2.6
ACC-1354,Nimbus Solutions,SMB,Hospitality,APAC,2026-05-11,2026-05-11,2027-05-11,annual,3743.6,15,7,0,0,0,0,0,1,2,1,2026-05-27,
ACC-1268,Granite Capital,SMB,Media,EMEA,2022-07-03,2022-07-03,2026-11-16,annual,15582.81,36,29,17,19,20,22,25,28,8,1,2026-05-15,
ACC-1258,Granite Health,Mid-Market,Healthcare,North America,2024-08-03,2024-08-03,2027-01-04,annual,46859.68,158,137,111,110,108,118,111,117,10,1,2026-05-21,
ACC-1204,Pioneer Networks,SMB,Logistics,North America,2026-05-27,2026-05-27,2027-05-27,annual,11042.99,36,17,0,0,0,0,0,4,2,0,2026-05-29,
ACC-1344,Pinnacle Media,SMB,SaaS,North America,2025-11-06,2025-11-06,2026-11-10,annual,4769.0,15,6,3,3,2,2,1,0,2,0,2026-04-10,2.6
ACC-1024,Quill Partners,SMB,Retail,EMEA,2025-09-09,2025-09-09,2027-03-05,annual,4908.1,18,14,7,5,5,3,2,1,2,1,2026-05-29,
ACC-1270,Garnet Supply,Enterprise,Retail,North America,2025-09-23,2025-09-23,2026-10-27,annual,1007971.94,1475,892,262,319,357,366,417,430,5,0,2026-05-30,3.2
ACC-1292,Helix Works,SMB,Hospitality,APAC,2022-05-05,2022-05-05,2026-12-29,annual,2764.34,7,5,0,0,0,0,0,0,4,0,2026-03-24,2.6
ACC-1303,Crestline Industries,Mid-Market,Logistics,North America,2025-09-29,2025-09-29,2026-11-06,monthly,3809.97,107,72,35,40,39,38,38,38,6,1,2026-05-14,
ACC-1126,Crestline Corp,,SaaS,North America,2025-09-23,2025-09-23,2027-01-07,annual,68997.88,101,54,29,32,32,29,29,30,7,2,2026-05-19,
ACC-1342,Apex Holdings,Enterprise,Education,North America,2022-10-13,2022-10-13,2026-09-03,monthly,41727.67,965,873,489,582,611,716,769,804,11,2,2026-05-17,4.1
ACC-1078,Summit Partners,,Construction,North America,2022-05-07,2022-05-07,2026-10-20,monthly,3307.96,72,58,29,32,31,30,32,32,9,1,2026-05-22,
ACC-1223,Quantum Holdings,SMB,Education,North America,2024-11-23,2024-11-23,2026-11-04,annual,5499.06,14,5,2,2,3,3,3,3,6,1,2026-05-28,4.0
ACC-1178,Delta Industries,SMB,Healthcare,APAC,2023-10-29,2023-10-29,2026-09-08,annual,6679.9,17,14,7,6,6,6,7,0,5,0,2026-05-26,
ACC-1280,Garnet Media,SMB,FinServ,EMEA,2026-05-15,2026-05-15,2027-05-15,monthly,1095.06,26,10,0,0,0,0,0,2,0,0,2026-05-31,
ACC-1296,Harbor Capital,Enterprise,Manufacturing,North America,2024-01-27,2024-01-27,2026-06-07,annual,750420.01,1099,881,555,431,416,284,227,128,7,1,2026-05-25,
ACC-1386,Solace Technologies,Enterprise,SaaS,North America,2025-07-15,2025-07-15,2026-10-02,annual,324400.18,408,243,218,242,241,223,216,238,13,2,2026-05-23,
ACC-1245,Larkfield Media,SMB,Hospitality,APAC,2022-10-29,2022-10-29,2027-05-17,annual,7868.98,15,6,4,4,5,5,4,4,2,0,2026-05-30,
ACC-1297,Maple Dynamics,Mid-Market,FinServ,North America,2025-02-23,2025-02-23,2026-10-06,annual,49384.31,98,47,5,6,3,6,6,2,7,2,2026-05-30,
ACC-1061,Umbra Foods,Mid-Market,Logistics,APAC,2022-12-12,2022-12-12,2026-05-08,annual,42197.28,124,63,29,34,35,40,45,50,3,0,2026-05-31,
ACC-1293,Vertex Brands,Mid-Market,Education,EMEA,2024-01-20,2024-01-20,2026-10-10,monthly,1613.99,47,30,21,22,22,22,21,21,3,1,2026-05-17,
ACC-1093,Cobalt Technologies,Enterprise,Retail,North America,2023-01-22,2023-01-22,2026-06-20,monthly,70381.08,1488,1170,937,929,891,915,849,857,7,0,2026-05-31,2.7
ACC-1378,Quill Health,SMB,Healthcare,EMEA,2025-01-28,2025-01-28,2026-11-02,monthly,329.27,12,5,3,2,2,2,3,2,4,0,2026-06-01,
ACC-1243,Beacon Technologies,SMB,Manufacturing,North America,2023-06-08,2023-06-08,2026-06-27,monthly,718.94,25,23,22,21,23,21,21,21,10,1,2026-05-15,
ACC-1069,Zephyr Supply,SMB,FinServ,North America,2026-05-17,2026-05-17,2027-05-17,monthly,154.13,5,2,0,0,0,0,0,1,2,0,2026-05-28,4.0
ACC-1036,Nimbus Corp,SMB,Logistics,EMEA,2025-07-09,2025-07-09,2026-07-08,annual,10353.93,33,26,14,16,19,19,21,25,6,1,2026-05-28,
ACC-1040,Quantum Networks,Enterprise,Logistics,EMEA,2025-06-27,2025-06-27,2027-11-12,annual,439870.66,538,197,86,99,106,126,137,142,6,0,2026-05-30,2.7
ACC-1160,Sterling Supply,Mid-Market,Education,EMEA,2024-05-22,2024-05-22,2026-08-18,annual,64286.85,118,104,75,75,86,76,82,83,7,1,2026-05-24,
ACC-1298,Keystone Corp,Mid-Market,FinServ,North America,2022-06-26,2022-06-26,2026-05-06,annual,76050.97,178,72,43,33,27,0,0,0,6,0,2025-12-31,
ACC-1011,Granite Brands,Mid-Market,Logistics,EMEA,2023-05-14,2023-05-14,2026-02-26,annual,86492.33,125,102,67,60,63,63,61,66,6,2,2026-05-17,
ACC-1144,Xenon Dynamics,SMB,SaaS,North America,2022-10-24,2022-10-24,2026-06-20,annual,3543.9,17,14,13,10,8,6,5,3,4,0,2026-05-30,3.0
ACC-1288,Harbor Brands,Enterprise,Manufacturing,North America,2025-05-12,2025-05-12,2026-09-11,annual,851317.77,819,628,614,565,588,623,578,620,2,1,2026-05-21,3.6
ACC-1294,Ionic Solutions,SMB,Media,North America,2026-04-03,2026-04-03,2026-09-07,annual,2144.8,6,5,0,0,0,0,0,0,4,1,2026-02-20,4.2
ACC-1171,Maple Foods,SMB,Media,North America,2022-06-25,2022-06-25,2027-02-04,annual,11864.19,39,29,17,19,20,17,17,17,7,1,2026-05-26,
ACC-1127,Ember Dynamics,Mid-Market,SaaS,APAC,2024-05-18,2024-05-18,2027-06-27,annual,78507.6,213,330,109,106,108,100,110,96,9,1,2026-05-17,
ACC-1350,Atlas Media,SMB,Manufacturing,North America,2026-05-27,2026-05-27,2027-05-27,monthly,168.87,6,5,0,0,0,0,0,1,1,0,2026-05-27,
ACC-1184,Pioneer Trading,Mid-Market,Hospitality,APAC,2025-04-27,2025-04-27,2026-04-28,annual,122371.76,243,212,173,163,176,163,158,169,2,0,2026-05-13,
ACC-1046,Vista Holdings,SMB,FinServ,North America,2023-11-27,2023-11-27,2027-06-12,annual,3679.32,20,18,10,10,10,10,9,9,3,0,2026-05-23,3.6
ACC-1009,Tundra Corp,,SaaS,EMEA,2022-08-03,2022-08-03,2026-11-18,annual,8509.55,26,18,11,11,11,12,11,12,5,0,2026-05-20,
ACC-1313,Orion Technologies,Mid-Market,Healthcare,North America,2026-04-27,2026-04-27,2026-07-30,annual,136417.08,203,97,5,6,1,5,3,6,3,1,2026-05-16,
ACC-1376,Beacon Media,Enterprise,Manufacturing,North America,2023-02-09,2023-02-09,2026-05-07,annual,710854.97,1177,497,280,306,366,389,423,455,7,0,2026-05-13,
ACC-1176,Summit Technologies,SMB,SaaS,EMEA,2026-05-04,2026-05-04,2026-06-20,monthly,630.77,31,21,10,9,7,6,4,2,2,0,2026-05-20,4.2
ACC-1210,Yarrow Supply,Mid-Market,SaaS,APAC,2023-04-15,2023-04-15,2026-04-02,monthly,3074.76,153,68,62,57,43,0,0,0,4,1,2025-10-05,3.8
ACC-1128,Cedar Group,Mid-Market,Manufacturing,North America,2026-05-22,2026-05-22,2027-05-22,annual,13004.78,51,32,0,0,0,0,0,2,0,0,2026-05-31,4.1
ACC-1143,Pinnacle Capital,SMB,Hospitality,North America,2023-07-04,2023-07-04,2026-10-23,monthly,319.48,9,4,3,2,2,1,1,0,4,1,2026-04-03,
ACC-1007,Onyx Dynamics,SMB,Hospitality,APAC,2025-12-29,2025-12-29,2026-09-26,annual,3940.44,10,4,2,3,2,3,3,2,7,2,2026-05-27,
ACC-1364,Harbor Labs,Mid-Market,Education,North America,2024-07-07,2024-07-07,2026-02-08,monthly,7008.29,156,127,66,73,67,72,75,70,8,1,2026-05-28,
ACC-1263,Ember Trading,SMB,Education,North America,2022-09-23,2022-09-23,2028-03-27,monthly,1012.55,31,14,7,6,7,7,7,7,1,0,2026-06-01,
ACC-1410,Vista Corp,Mid-Market,FinServ,North America,2023-04-19,2023-04-19,2026-06-15,monthly,1462.03,49,22,14,11,10,7,6,3,1,0,2026-05-13,4.7
ACC-1179,Xenon Systems,SMB,Hospitality,APAC,2023-01-23,2023-01-23,2027-02-23,annual,7569.68,19,10,4,4,5,6,6,7,3,0,2026-05-17,
ACC-1172,Onyx Supply,Mid-Market,Education,APAC,2023-08-31,2023-08-31,2026-07-06,annual,71256.36,186,162,126,123,98,76,55,0,6,0,2026-06-01,
ACC-1217,Maple Industries,SMB,Construction,EMEA,2024-09-17,2024-09-17,2026-05-01,monthly,897.84,39,19,11,12,11,12,11,11,1,0,2026-05-26,
ACC-1331,Meridian Networks,,Healthcare,North America,2023-05-18,2023-05-18,2026-10-10,annual,23259.48,47,25,12,11,9,7,5,2,4,0,2026-05-18,
ACC-1283,Fjord Corp,SMB,Media,EMEA,2024-03-25,2024-03-25,2027-01-29,annual,4537.32,24,9,6,5,3,3,2,1,2,0,2026-05-21,
ACC-1008,Garnet Industries,SMB,Hospitality,APAC,2025-12-24,2025-12-24,2026-12-07,annual,4396.3,18,17,12,12,11,12,12,12,7,2,2026-05-23,
ACC-1156,Yarrow Technologies,Mid-Market,Education,North America,2024-05-04,2024-05-04,2026-11-08,monthly,1715.87,69,48,34,37,34,36,36,35,7,0,2026-05-19,
ACC-1027,Helix Partners,SMB,Construction,North America,2024-11-19,2024-11-19,2026-08-05,monthly,614.96,17,6,0,0,0,0,0,0,3,2,2026-02-05,3.0
ACC-1308,Onyx Networks,SMB,FinServ,APAC,2024-07-17,2024-07-17,2026-06-12,monthly,526.24,18,12,5,6,7,7,8,0,6,1,2026-05-25,4.2
ACC-1369,Ionic Supply,SMB,Hospitality,North America,2026-01-10,2026-01-10,2027-01-24,annual,5424.96,19,10,3,3,4,5,5,5,3,0,2026-05-21,4.1
ACC-1058,Beacon Industries,SMB,Education,EMEA,2022-07-07,2022-07-07,2026-10-09,annual,13068.38,35,20,12,12,13,12,12,13,7,1,2026-05-13,
ACC-1205,Cobalt Trading,Mid-Market,Hospitality,North America,2022-07-07,2022-07-07,2026-07-05,monthly,8579.57,225,86,39,37,29,24,15,9,4,1,2026-05-30,3.5
ACC-1064,Redwood Works,Mid-Market,Logistics,APAC,2023-02-25,2023-02-25,2026-04-23,annual,32660.35,82,56,3,2,0,0,0,0,2,1,2025-10-31,
ACC-1082,Onyx Partners,Mid-Market,FinServ,North America,2026-05-11,2026-05-11,2027-03-02,monthly,2180.79,104,71,43,40,40,43,37,43,5,3,2026-05-23,
ACC-1419,Apex Industries,Mid-Market,Education,EMEA,2024-05-14,2024-05-14,2026-12-10,monthly,4486.36,173,95,87,68,60,46,38,22,4,0,2026-05-24,3.8
ACC-1213,Atlas Labs,SMB,Education,APAC,2025-12-18,2025-12-18,2026-06-03,annual,8692.38,32,28,24,21,24,21,22,0,9,1,2026-05-27,
ACC-1267,Cedar Holdings,SMB,Media,APAC,2023-08-07,2023-08-07,2026-05-04,annual,7114.92,22,14,8,7,5,4,3,2,2,0,2026-05-14,3.7
ACC-1238,Vista Industries,Enterprise,FinServ,North America,2025-01-16,2025-01-16,2027-02-19,monthly,34449.08,696,272,197,177,144,120,90,47,5,3,2026-05-15,3.9
ACC-1241,Nimbus Group,SMB,Hospitality,APAC,2024-05-18,2024-05-18,2027-03-16,annual,3544.04,12,5,3,3,2,2,1,1,3,0,2026-05-21,4.8
ACC-1153,Zephyr Brands,Mid-Market,FinServ,EMEA,2026-05-22,2026-05-22,2027-05-22,annual,82039.51,187,111,0,0,0,0,0,43,0,0,2026-06-01,3.3
ACC-1048,Larkfield Industries,Mid-Market,Hospitality,North America,2023-11-15,2023-11-15,2026-09-08,annual,115904.23,179,71,71,67,65,65,68,73,8,2,2026-05-20,2.7
ACC-1208,Lumen Logistics,Enterprise,SaaS,North America,2022-10-17,2022-10-17,2026-10-01,annual,1322115.99,1443,1135,776,691,549,486,325,202,3,1,2026-05-14,3.0
ACC-1001,Meridian Solutions,SMB,Media,EMEA,2025-04-18,2025-04-18,2027-01-12,annual,8232.27,31,23,17,17,19,17,16,17,10,3,2026-05-15,
ACC-1273,Juniper Group,Mid-Market,Retail,North America,2022-05-20,2022-05-20,2026-08-26,annual,39241.61,59,39,21,18,15,12,8,5,5,2,2026-05-22,
ACC-1370,Umbra Trading,Mid-Market,Retail,EMEA,2024-03-24,2024-03-24,2026-10-03,annual,54159.23,136,73,41,35,28,20,16,9,3,0,2026-05-28,4.0
ACC-1095,Ember Holdings,Enterprise,SaaS,North America,2025-05-18,2025-05-18,2026-07-17,annual,1089003.47,1432,1291,1206,1128,858,636,484,275,3,0,2026-05-21,4.2
ACC-1409,Onyx Technologies,Mid-Market,Manufacturing,EMEA,2026-01-16,2026-01-16,2026-07-20,annual,90539.41,165,121,104,103,99,99,98,106,6,3,2026-05-30,
ACC-1266,Ionic Trading,SMB,Education,EMEA,2024-11-22,2024-11-22,2025-12-08,annual,7237.92,22,20,10,12,13,14,16,17,9,0,2026-05-25,3.8
ACC-1116,Granite Works,Mid-Market,Hospitality,North America,2024-01-23,2024-01-23,2026-12-04,annual,71494.44,191,112,91,70,66,50,34,21,6,1,2026-05-18,4.5
ACC-1045,Tundra Logistics,Mid-Market,FinServ,EMEA,2024-09-09,2024-09-09,2027-06-22,monthly,5942.29,110,47,32,29,23,20,13,8,1,0,2026-05-26,
ACC-1161,Lumen Trading,SMB,Logistics,APAC,2022-06-12,2022-06-12,2027-06-25,annual,7368.99,33,23,10,11,13,14,15,18,6,1,2026-05-24,
ACC-1322,Solace Partners,Enterprise,Healthcare,EMEA,2025-07-02,2025-07-02,2026-10-21,annual,250970.78,508,354,278,269,294,266,300,298,5,1,2026-05-13,
ACC-1117,Meridian Industries,SMB,Media,EMEA,2022-11-13,2022-11-13,2026-08-10,monthly,258.79,7,5,2,2,3,2,3,2,3,1,2026-05-13,4.9
ACC-1077,Crestline Solutions,SMB,Manufacturing,APAC,2026-05-17,2026-05-17,2027-05-17,annual,13659.98,31,15,0,0,0,0,0,1,1,1,2026-05-28,4.2
ACC-1375,Cedar Capital,SMB,Construction,EMEA,2024-08-13,2024-08-13,2027-03-04,monthly,930.0,37,26,13,14,9,8,6,3,4,1,2026-05-22,
ACC-1063,Ionic Foods,SMB,Healthcare,North America,2026-03-13,2026-03-13,2025-11-08,monthly,485.16,12,9,7,6,7,6,7,7,4,0,2026-05-30,3.9
ACC-1230,Pinnacle Supply,,SaaS,North America,2024-06-05,2024-06-05,2026-01-21,monthly,3875.0,90,51,22,26,29,0,0,0,4,1,2025-12-14,
ACC-1186,Quill Foods,SMB,Hospitality,APAC,2025-12-15,2025-12-15,2027-03-03,annual,3481.54,7,6,3,3,3,2,3,0,8,0,2026-05-26,
ACC-1305,Vista Media,Mid-Market,Hospitality,EMEA,2025-07-19,2025-07-19,2026-10-14,annual,144936.82,213,85,33,36,40,43,47,52,3,0,2026-06-01,5.0
ACC-1199,Apex Technologies,Mid-Market,SaaS,North America,2022-12-01,2022-12-01,2027-03-12,monthly,3121.62,53,38,17,21,22,26,29,30,6,0,2026-05-30,
ACC-1352,Helix Health,Enterprise,Education,APAC,2024-10-15,2024-10-15,2026-11-10,annual,282893.91,485,441,393,403,297,255,175,110,6,1,2026-05-17,
ACC-1121,Zephyr Foods,SMB,Media,North America,2022-11-06,2022-11-06,2026-08-24,annual,3498.96,8,7,0,0,0,0,0,0,1,0,2026-02-05,2.9
ACC-1403,Orion Works,Mid-Market,Construction,EMEA,2023-04-11,2023-04-11,2026-03-23,monthly,4362.42,112,78,3,4,0,0,0,0,3,0,2025-12-14,3.4
ACC-1363,Keystone Works,Enterprise,Media,EMEA,2026-03-11,2026-03-11,2027-03-04,annual,338890.44,353,240,9,14,23,7,6,21,3,0,2026-05-15,
ACC-1158,Vertex Capital,Enterprise,FinServ,North America,2025-05-18,2025-05-18,2027-01-01,annual,164260.11,448,288,150,150,137,143,156,149,6,0,2026-05-17,3.3
ACC-1085,Fjord Health,Enterprise,Hospitality,North America,2023-05-09,2023-05-09,2026-11-10,annual,469603.3,673,350,337,354,345,348,348,357,4,0,2026-05-26,3.9
ACC-1225,Tundra Group,SMB,FinServ,North America,2026-04-05,2026-04-05,2026-08-14,annual,15084.17,39,14,7,8,8,10,10,11,7,1,2026-05-23,3.1
ACC-1262,Quill Works,SMB,Healthcare,EMEA,2023-07-22,2023-07-22,2026-10-06,monthly,397.06,16,13,4,4,5,5,6,7,6,2,2026-06-01,
ACC-1338,Vertex Supply,SMB,FinServ,APAC,2022-05-02,2022-05-02,2027-03-07,annual,5023.88,22,18,6,6,7,8,9,9,6,1,2026-05-26,2.8
ACC-1076,Zephyr Health,SMB,Healthcare,EMEA,2024-02-09,2024-02-09,2026-05-21,annual,14740.88,33,15,6,6,4,3,2,1,3,1,2026-05-22,
ACC-1327,Solace Media,Mid-Market,Manufacturing,North America,2026-03-30,2026-03-30,2026-04-27,annual,76600.92,136,113,63,58,57,0,0,0,10,0,2026-01-05,
ACC-1314,Northwind Supply,Mid-Market,SaaS,APAC,2026-03-07,2026-03-07,2027-03-24,annual,115293.58,246,226,213,207,196,207,223,0,6,2,2026-05-28,3.9
ACC-1087,Quantum Logistics,SMB,Education,North America,2024-08-06,2024-08-06,2026-09-06,annual,4982.63,17,12,4,5,5,6,7,8,2,0,2026-05-23,4.8
ACC-1423,Cedar Group.,Mid-Market,Manufacturing,North America,2023-02-20,2023-02-20,2026-09-30,annual,11337.8,28,32,19,18,18,19,17,20,3,0,2026-05-22,4.1
ACC-1182,Apex Health,SMB,Logistics,North America,2023-06-28,2023-06-28,2027-02-13,annual,7588.23,29,21,14,15,15,13,15,15,4,0,2026-05-29,4.2
ACC-1105,Onyx Works,SMB,Education,APAC,2022-09-18,2022-09-18,2027-05-13,annual,6914.87,18,14,13,14,13,13,13,0,8,0,2026-05-30,4.6
ACC-1049,Tundra Partners,Mid-Market,Hospitality,North America,2025-02-08,2025-02-08,2027-09-14,annual,96947.63,198,109,1,11,6,1,2,9,1,0,2026-05-27,3.5
ACC-1005,Helix Technologies,Mid-Market,Hospitality,North America,2023-12-01,2023-12-01,2026-09-28,monthly,5666.64,232,107,52,54,66,72,75,87,8,2,2026-06-01,
ACC-1017,Vista Group,Enterprise,Healthcare,North America,2024-11-17,2024-11-17,2026-05-11,annual,267232.39,417,181,102,105,111,112,96,97,5,0,2026-05-16,3.9
ACC-1234,Beacon Labs,SMB,SaaS,North America,2025-04-03,2025-04-03,2027-04-06,monthly,500.59,18,17,13,12,12,14,12,13,9,1,2026-05-18,
ACC-1335,Delta Systems,Mid-Market,SaaS,North America,2026-05-14,2026-05-14,2027-05-14,annual,87277.31,212,106,0,0,0,0,0,15,2,2,2026-06-01,
ACC-1106,Solace Foods,Mid-Market,Healthcare,North America,2026-03-01,2026-03-01,2027-02-18,annual,89645.88,171,141,116,86,73,59,43,29,4,0,2026-05-27,
ACC-1134,Helix Trading,SMB,Education,EMEA,2022-07-21,2022-07-21,2027-01-25,annual,4165.35,23,19,13,11,9,6,4,3,4,2,2026-05-26,
ACC-1340,Solace Capital,Enterprise,Logistics,North America,2025-08-18,2025-08-18,2026-10-09,annual,248449.11,304,136,110,112,113,126,111,110,7,5,2026-05-22,
ACC-1226,Delta Foods,SMB,FinServ,LATAM,2025-07-18,2025-07-18,2026-03-01,annual,8978.71,39,23,11,12,11,11,12,11,3,1,2026-05-25,3.4
ACC-1214,Zephyr Capital,Mid-Market,SaaS,North America,2025-10-05,2025-10-05,2026-12-29,annual,14325.78,42,33,16,16,18,16,15,17,4,0,2026-05-22,4.0
ACC-1190,Ionic Brands,SMB,Media,EMEA,2025-04-07,2025-04-07,2026-11-24,annual,4536.8,21,10,5,6,6,6,6,5,2,1,2026-05-13,4.6
ACC-1372,Garnet Networks,Mid-Market,Education,APAC,2026-05-06,2026-05-06,2027-05-06,annual,75616.91,199,115,0,0,0,0,0,7,1,1,2026-06-01,
ACC-1282,Apex Foods,Enterprise,Construction,EMEA,2023-02-20,2023-02-20,2026-01-30,annual,1127986.57,1292,1175,990,864,664,0,0,0,3,1,2025-09-16,
ACC-1029,Willow Capital,SMB,Hospitality,North America,2022-11-16,2022-11-16,2027-08-22,monthly,1462.42,33,30,17,18,17,17,16,17,6,2,2026-05-22,4.4
ACC-1169,Vista Partners,Mid-Market,Education,North America,2023-01-07,2023-01-07,2027-01-03,annual,73368.19,176,78,73,68,55,43,31,18,6,3,2026-05-21,3.0
ACC-1180,Quantum Labs,Enterprise,Construction,North America,2025-02-18,2025-02-18,2026-11-13,monthly,121296.28,1411,802,434,423,301,230,185,124,3,1,2026-05-18,
ACC-1100,Pinnacle Holdings,SMB,Media,EMEA,2025-01-09,2025-01-09,2026-12-12,annual,5212.89,27,24,12,11,12,11,12,12,7,1,2026-05-28,4.4
ACC-1197,Onyx Industries,Enterprise,SaaS,APAC,2025-08-29,2025-08-29,2027-07-23,annual,558455.7,754,266,139,145,143,146,153,0,1,0,2026-05-26,
ACC-1209,Lumen Health,Mid-Market,Retail,EMEA,2024-07-04,2024-07-04,2026-07-20,monthly,7769.82,244,127,67,74,84,87,103,105,3,1,2026-05-18,2.8
ACC-1135,Tundra Solutions,Mid-Market,SaaS,North America,2025-04-25,2025-04-25,2026-12-04,annual,75396.67,147,63,7,4,6,1,0,5,2,1,2026-05-16,3.7
ACC-1396,Umbra Media,Mid-Market,Hospitality,EMEA,2025-11-28,2025-11-28,2027-06-14,annual,66687.99,103,81,45,45,47,45,46,48,6,1,2026-05-21,
ACC-1361,Tundra Labs,,Healthcare,LATAM,2024-06-27,2024-06-27,2026-09-01,monthly,918.45,26,22,18,19,18,18,19,19,8,0,2026-05-24,
ACC-1198,Pinnacle Solutions,Mid-Market,Manufacturing,EMEA,2026-05-17,2026-05-17,2027-05-17,monthly,9235.69,234,129,0,0,0,0,0,8,0,1,2026-05-27,4.5
ACC-1166,Apex Brands,Mid-Market,Retail,APAC,2026-02-21,2026-02-21,2026-09-11,annual,76001.21,134,93,89,74,66,50,34,0,2,0,2026-05-26,
ACC-1324,Willow Systems,Mid-Market,Manufacturing,EMEA,2024-04-01,2024-04-01,2026-10-04,annual,77097.1,152,110,83,91,87,92,82,89,3,1,2026-05-28,4.6
ACC-1136,Maple Networks,Mid-Market,Education,EMEA,2025-05-18,2025-05-18,2027-04-26,annual,129607.27,248,104,58,54,58,54,60,55,2,0,2026-05-27,
ACC-1285,Willow Dynamics,SMB,Logistics,North America,2023-02-03,2023-02-03,2026-09-08,monthly,1299.12,34,23,17,17,13,11,7,4,3,0,2026-05-16,
ACC-1131,Helix Corp,Mid-Market,SaaS,North America,2025-02-12,2025-02-12,2027-04-08,monthly,1948.2,72,63,3,3,0,0,1,4,7,2,2026-05-28,3.0
ACC-1039,Xenon Solutions,SMB,Construction,LATAM,2024-06-01,2024-06-01,2027-01-09,monthly,451.81,13,9,6,5,4,4,2,1,3,1,2026-05-26,
ACC-1215,Tundra Networks,Mid-Market,Manufacturing,EMEA,2025-04-04,2025-04-04,2026-01-19,annual,59893.67,233,118,104,114,101,0,0,0,5,2,2025-11-14,4.2
ACC-1043,Quill Networks,Mid-Market,Hospitality,EMEA,2022-04-25,2022-04-25,2027-03-07,annual,68789.49,148,134,75,74,80,84,84,74,6,1,2026-05-23,
ACC-1054,Pioneer Dynamics,SMB,Logistics,North America,2026-03-15,2026-03-15,2026-09-17,annual,3242.97,13,7,2,2,3,3,3,3,9,3,2026-05-23,
ACC-1399,Xenon Networks,Mid-Market,Manufacturing,APAC,2024-10-25,2024-10-25,2026-07-15,monthly,10777.56,243,96,37,44,48,53,59,0,4,3,2026-05-29,
ACC-1299,Harbor Logistics,SMB,FinServ,APAC,2026-04-25,2026-04-25,2026-11-02,annual,7794.59,16,9,5,6,6,6,5,6,3,0,2026-05-28,
ACC-1404,Orion Partners,Enterprise,Education,EMEA,2026-03-07,2026-03-07,2026-08-06,monthly,80038.0,1048,372,311,240,218,173,120,73,3,1,2026-05-14,
ACC-1304,Atlas Supply,SMB,Construction,North America,2025-10-15,2025-10-15,2027-01-05,monthly,839.6,19,12,3,4,4,5,5,5,9,1,2026-05-27,
ACC-1035,Ember Industries,Mid-Market,Hospitality,North America,2023-05-13,2023-05-13,2027-03-07,monthly,4995.0,95,41,1,1,0,2,2,1,2,0,2026-05-14,
ACC-1315,Nimbus Holdings,SMB,Retail,North America,2024-02-26,2024-02-26,2026-08-02,monthly,763.35,24,12,0,1,0,1,0,0,4,0,2026-03-04,
ACC-1309,Delta Holdings,Mid-Market,FinServ,EMEA,2023-04-28,2023-04-28,,monthly,2881.18,131,64,24,28,32,36,41,42,4,0,2026-05-14,
ACC-1276,Delta Dynamics,SMB,FinServ,APAC,2025-07-07,2025-07-07,2026-12-12,monthly,795.64,26,24,1,3,0,0,0,1,1,0,2026-05-16,
ACC-1124,Pioneer Systems,Mid-Market,Logistics,EMEA,2022-07-11,2022-07-11,2027-05-08,monthly,8028.24,176,116,80,74,79,75,79,71,5,1,2026-05-24,
ACC-1142,Lumen Holdings,SMB,Education,North America,2026-01-07,2026-01-07,2027-06-03,annual,14102.69,32,22,14,11,9,7,5,3,2,0,2026-05-24,
ACC-1110,Summit Media,Mid-Market,Logistics,North America,2024-12-10,2024-12-10,2027-07-24,monthly,5625.2,200,95,71,62,63,71,71,68,3,0,2026-05-30,4.0
ACC-1323,Pioneer Health,Mid-Market,SaaS,North America,2024-03-17,2024-03-17,2026-09-20,annual,104087.67,153,142,113,130,129,119,121,122,8,0,2026-05-20,3.4
ACC-1332,Lumen Dynamics,SMB,Manufacturing,EMEA,2024-04-07,2024-04-07,2026-10-29,monthly,265.25,12,18,7,7,7,7,7,8,8,1,2026-05-19,4.9
ACC-1368,Yarrow Trading,SMB,SaaS,APAC,2025-01-01,2025-01-01,2027-04-26,annual,8481.76,21,13,10,8,7,6,4,0,3,0,2026-05-28,
ACC-1107,Ember Supply,,Logistics,APAC,2024-04-16,2024-04-16,2026-09-23,annual,133662.19,189,169,91,108,113,127,141,152,11,1,2026-05-22,
ACC-1012,Redwood Media,Mid-Market,Retail,North America,2024-04-06,2024-04-06,2027-01-03,annual,148478.01,213,91,66,67,64,65,74,68,7,1,2026-05-16,
ACC-1272,Keystone Capital,SMB,Hospitality,EMEA,2024-01-07,2024-01-07,2026-08-03,annual,4746.12,11,7,0,0,0,0,0,0,2,0,2026-03-01,
ACC-1047,Beacon Health,Mid-Market,Education,EMEA,2023-10-21,2023-10-21,2026-02-22,monthly,5636.48,189,120,48,58,66,0,0,0,7,0,2025-09-16,
ACC-1203,Tundra Systems,Enterprise,Education,EMEA,2024-08-26,2024-08-26,2027-02-05,annual,233387.2,610,461,395,409,386,380,405,415,5,1,2026-05-30,3.7
ACC-1359,Crestline Media,SMB,FinServ,North America,2024-05-21,2024-05-21,2026-08-04,monthly,1263.27,29,20,10,12,13,14,16,18,4,1,2026-05-19,
ACC-1119,Granite Foods,Enterprise,FinServ,EMEA,2023-05-10,2023-05-10,2026-11-23,annual,691402.72,932,406,396,315,274,202,146,98,3,0,2026-05-29,
ACC-1021,Onyx Logistics,Mid-Market,Healthcare,APAC,2024-12-13,2024-12-13,2026-11-21,monthly,4518.35,96,52,50,46,52,48,48,52,3,1,2026-05-22,2.7
ACC-1083,Willow Trading,Enterprise,Retail,North America,2024-09-16,2024-09-16,2026-07-14,monthly,52660.81,1340,898,483,433,292,237,192,105,6,1,2026-05-30,
ACC-1130,Quantum Foods,Mid-Market,Media,North America,2022-12-22,2022-12-22,2027-01-27,monthly,1692.12,60,27,14,15,16,19,20,23,4,1,2026-05-26,
ACC-1329,Yarrow Labs,SMB,Manufacturing,North America,2025-01-23,2025-01-23,2026-11-18,annual,11819.1,25,18,12,12,13,11,13,14,8,1,2026-05-17,
ACC-1229,Zephyr Trading,SMB,Education,North America,2026-05-19,2026-05-19,2027-05-19,annual,3522.44,8,4,0,0,0,0,0,1,1,3,2026-05-27,4.1
ACC-1415,Crestline Technologies,SMB,Media,North America,2025-04-21,2025-04-21,2028-01-24,annual,5899.35,12,5,4,4,4,3,3,3,5,0,2026-05-25,
ACC-1286,Garnet Corp,SMB,Construction,EMEA,2023-12-08,2023-12-08,2026-12-18,annual,6855.26,14,13,0,1,0,0,0,0,3,1,2026-04-24,
ACC-1123,Keystone Foods,SMB,SaaS,North America,2023-09-30,2023-09-30,2026-03-04,monthly,779.92,38,26,9,11,11,0,0,0,4,0,2026-02-24,
ACC-1033,Vertex Corp,SMB,Logistics,North America,2024-11-18,2024-11-18,2027-01-24,annual,13187.34,29,14,13,11,9,7,5,2,0,0,2026-05-25,
ACC-1397,Crestline Health,Mid-Market,FinServ,North America,2022-11-02,2022-11-02,2025-09-20,monthly,6921.84,244,117,6,3,5,6,10,1,2,2,2026-05-17,2.8
ACC-1004,Sterling Group,SMB,SaaS,North America,2026-05-14,2026-05-14,2027-05-14,monthly,433.12,18,9,0,0,0,0,0,1,0,0,2026-05-29,3.7
ACC-1019,Pioneer Media,SMB,SaaS,APAC,2025-12-17,2025-12-17,2026-09-15,annual,15186.54,31,14,9,8,9,9,9,8,4,0,2026-05-29,2.9
ACC-1219,Summit Works,Mid-Market,Construction,North America,2026-04-20,2026-04-20,2026-09-19,annual,130230.04,232,173,148,144,136,134,146,129,8,1,2026-05-26,4.2
ACC-1420,Apex Systems Inc,Mid-Market,SaaS,APAC,2026-04-24,2026-04-24,2026-09-28,annual,114373.46,74,158,54,64,70,78,82,94,9,1,2026-05-30,3.6
ACC-1356,Harbor Industries,SMB,FinServ,North America,2022-04-29,2022-04-29,2027-01-21,annual,11418.22,36,19,15,15,16,16,18,17,5,1,2026-05-14,
ACC-1149,Ember Networks,SMB,Manufacturing,North America,2026-01-23,2026-01-23,2026-12-26,annual,8065.98,21,19,5,6,7,8,8,9,7,2,2026-05-20,
ACC-1224,Onyx Group,SMB,FinServ,EMEA,2026-05-26,2026-05-26,2027-05-26,annual,6298.58,20,17,0,0,0,0,0,3,0,0,2026-05-28,4.1
ACC-1247,Pinnacle Industries,Mid-Market,Logistics,North America,2023-07-24,2023-07-24,2027-01-05,monthly,8022.25,165,140,74,72,81,80,79,78,4,0,2026-05-14,
ACC-1373,Orion Corp,Enterprise,SaaS,EMEA,2024-09-24,2024-09-24,2027-01-17,monthly,109513.96,1401,1301,659,721,800,874,994,1120,10,3,2026-05-14,
ACC-1151,Larkfield Holdings,Mid-Market,FinServ,North America,2023-09-26,2023-09-26,2026-06-12,annual,15265.1,41,25,2,3,2,1,2,0,2,0,2026-04-21,
ACC-1317,Harbor Health,Mid-Market,Hospitality,North America,2023-05-14,2023-05-14,,annual,99250.08,172,139,120,115,100,73,49,36,2,0,2026-05-22,3.7
ACC-1291,Solace Dynamics,SMB,Media,North America,2026-04-26,2026-04-26,2026-10-01,annual,2654.83,9,3,2,1,2,2,1,1,2,0,2026-05-13,3.2
ACC-1233,Vista Labs,Mid-Market,Logistics,North America,2023-02-04,2023-02-04,2026-11-10,annual,82221.04,234,110,72,69,77,68,70,71,3,0,2026-05-19,2.9
ACC-1010,Garnet Logistics,Mid-Market,Healthcare,North America,2025-04-24,2025-04-24,2027-02-21,annual,32866.42,91,59,61,52,42,28,20,13,4,0,2026-05-31,4.6
ACC-1279,Onyx Foods,Enterprise,FinServ,North America,2023-04-02,2023-04-02,2026-12-08,annual,1221053.27,1414,1291,893,831,610,532,358,246,4,1,2026-05-31,
ACC-1071,Solace Group,SMB,Construction,North America,2022-11-06,2022-11-06,2026-08-03,monthly,501.53,12,18,0,0,0,0,0,0,1,0,2026-03-24,
ACC-1252,Cedar Industries,SMB,Media,EMEA,2025-06-19,2025-06-19,2027-02-02,monthly,1546.65,37,32,21,18,20,21,21,20,3,2,2026-05-22,2.5
ACC-1092,Cobalt Industries,SMB,Healthcare,North America,2025-01-07,2025-01-07,2026-08-14,annual,3163.03,6,6,2,2,2,1,1,0,2,1,2026-02-24,3.8
ACC-1349,Helix Dynamics,SMB,Retail,North America,2023-02-01,2023-02-01,2027-02-25,annual,1762.16,6,5,3,3,3,2,2,2,6,1,2026-05-13,3.0
ACC-1374,Ionic Works,Enterprise,Hospitality,North America,2024-06-09,2024-06-09,2026-07-24,annual,922312.28,1450,1220,1143,1151,1147,1080,1069,1154,9,1,2026-05-27,
ACC-1192,Garnet Health,Mid-Market,Retail,APAC,2024-04-06,2024-04-06,2026-12-19,monthly,2289.41,102,87,77,82,79,79,75,73,9,1,2026-05-18,
ACC-1257,Delta Logistics,SMB,SaaS,North America,2025-02-23,2025-02-23,2026-07-01,annual,6653.25,28,20,14,14,14,15,14,15,3,0,2026-05-30,
ACC-1339,Delta Partners,SMB,Construction,North America,2024-11-30,2024-11-30,2027-02-21,monthly,1537.66,39,33,20,21,21,21,20,21,4,0,2026-05-13,3.5
ACC-1412,Pioneer Technologies,Mid-Market,SaaS,LATAM,2024-07-05,2024-07-05,2026-09-21,annual,113681.81,158,92,57,56,53,59,59,61,6,0,2026-05-16,
ACC-1195,Juniper Foods,SMB,Hospitality,APAC,2024-11-22,2024-11-22,2026-07-27,annual,2389.31,5,3,2,1,1,2,2,0,7,1,2026-06-01,2.7
ACC-1343,Garnet Technologies,Enterprise,Manufacturing,EMEA,2023-04-26,2023-04-26,2027-02-07,annual,696166.97,740,692,491,485,448,449,444,446,5,0,2026-05-28,3.1
ACC-1137,Apex Supply,Mid-Market,Logistics,APAC,2024-04-29,2024-04-29,2026-08-24,annual,93415.54,191,90,55,50,55,55,55,0,6,0,2026-05-26,4.4
ACC-1260,Meridian Brands,Mid-Market,Construction,North America,2024-08-18,2024-08-18,2026-05-29,annual,72353.86,150,121,12,8,3,0,0,0,4,0,2025-09-26,4.5
ACC-1038,Ionic Health,Enterprise,Manufacturing,North America,2023-05-31,2023-05-31,2026-09-26,monthly,43743.35,1180,994,452,503,584,654,670,765,12,1,2026-05-20,4.5
ACC-1201,Delta Corp,SMB,Manufacturing,North America,2023-03-12,2023-03-12,2026-11-30,annual,4164.84,14,11,6,5,4,3,2,1,7,1,2026-05-19,4.2
ACC-1393,Granite Holdings,SMB,Healthcare,APAC,2026-03-01,2026-03-01,2026-08-21,monthly,836.07,31,25,11,12,12,12,12,12,6,1,2026-05-16,2.6
ACC-1290,Sterling Health,SMB,Media,EMEA,2025-11-23,2025-11-23,2027-02-16,annual,12407.87,24,19,8,9,8,9,9,9,0,0,2026-05-14,3.7
ACC-1189,Tundra Industries,Mid-Market,FinServ,EMEA,2023-12-01,2023-12-01,2027-03-13,monthly,4413.31,82,49,28,26,28,29,28,27,5,1,2026-05-25,3.4
ACC-1251,Beacon Holdings,SMB,Education,North America,2023-07-12,2023-07-12,2027-05-22,monthly,526.15,12,7,5,6,6,6,5,6,2,1,2026-06-01,
ACC-1112,Larkfield Group,SMB,Education,North America,2022-10-13,2022-10-13,2027-05-07,annual,7481.49,25,11,9,8,6,5,3,2,9,2,2026-05-30,
ACC-1183,Yarrow Industries,SMB,SaaS,EMEA,2024-05-17,2024-05-17,2026-04-16,annual,3152.01,10,8,4,5,4,5,4,4,6,1,2026-05-17,3.0
ACC-1152,Keystone Trading,SMB,Logistics,North America,2025-08-17,2025-08-17,2027-07-14,annual,5357.98,21,13,9,7,6,4,3,2,2,0,2026-05-18,
ACC-1312,Apex Works,Mid-Market,Retail,APAC,2026-03-01,2026-03-01,2026-09-27,annual,127198.48,205,120,76,80,81,83,75,0,2,0,2026-06-01,4.1
ACC-1325,Apex Systems,Mid-Market,SaaS,APAC,2026-04-24,2026-04-24,2026-09-28,annual,137028.78,202,158,54,64,70,78,82,94,9,1,2026-05-30,3.6
ACC-1191,Vertex Logistics,Mid-Market,Media,North America,2025-06-28,2025-06-28,2026-11-04,monthly,3911.16,100,44,26,22,20,16,11,6,2,0,2026-05-30,
ACC-1044,Delta Networks,SMB,Logistics,EMEA,2022-09-10,2022-09-10,2027-03-31,annual,8781.72,31,15,1,1,1,1,0,1,7,1,2026-05-20,
ACC-1275,Crestline Foods,SMB,SaaS,EMEA,2022-09-09,2022-09-09,2026-02-02,annual,15778.11,30,22,7,9,9,10,12,12,6,2,2026-05-26,
ACC-1006,Pinnacle Dynamics,SMB,FinServ,North America,2024-09-07,2024-09-07,2026-12-22,annual,1677.03,7,3,2,1,1,2,1,2,1,0,2026-05-21,
ACC-1250,Redwood Logistics,Mid-Market,FinServ,North America,2025-08-07,2025-08-07,2025-09-15,annual,60337.11,116,100,86,84,88,86,82,77,4,0,2026-05-21,
ACC-1311,Summit Solutions,SMB,FinServ,EMEA,2025-03-24,2025-03-24,2026-07-16,annual,10227.0,30,28,11,13,15,15,16,18,5,3,2026-05-29,3.3
ACC-1075,Garnet Dynamics,,Hospitality,APAC,2025-08-20,2025-08-20,2027-05-10,annual,913505.54,1429,1247,986,735,598,517,400,217,3,0,2026-05-25,
ACC-1000,Vertex Dynamics,SMB,FinServ,North America,2023-03-19,2023-03-19,2026-12-06,annual,18163.3,39,23,0,1,0,0,2,2,4,0,2026-05-30,
ACC-1391,Willow Partners,Mid-Market,FinServ,APAC,2023-10-24,2023-10-24,2026-04-20,annual,70580.48,237,98,51,51,36,27,23,0,3,1,2026-05-27,
ACC-1383,Ember Partners,Mid-Market,FinServ,North America,2025-05-01,2025-05-01,2027-01-15,monthly,1628.14,60,25,12,13,15,17,18,19,3,0,2026-05-18,
ACC-1068,Pioneer Solutions,Enterprise,SaaS,EMEA,2024-03-16,2024-03-16,2026-07-24,monthly,15461.23,399,163,57,67,74,84,94,95,7,3,2026-05-14,
ACC-1167,Xenon Labs,SMB,SaaS,North America,2022-09-19,2022-09-19,2026-03-14,monthly,256.16,9,5,2,1,1,1,1,1,0,0,2026-05-14,3.1
ACC-1392,Larkfield Labs,SMB,SaaS,North America,2025-04-02,2025-04-02,2026-12-20,annual,1632.8,6,5,0,0,0,0,0,0,0,0,2026-04-19,4.1
ACC-1218,Granite Networks,SMB,Manufacturing,North America,2022-05-15,2022-05-15,,annual,8950.14,19,10,9,9,8,9,9,8,7,0,2026-05-18,3.3
ACC-1042,Vertex Works,Enterprise,Manufacturing,EMEA,2025-03-02,2025-03-02,2027-02-06,annual,882551.56,1027,736,390,329,253,205,156,103,5,1,2026-05-18,
ACC-1366,Beacon Dynamics,Mid-Market,SaaS,EMEA,2026-04-16,2026-04-16,2026-12-17,annual,135945.98,189,85,80,61,58,48,30,19,6,2,2026-05-16,
ACC-1345,Garnet Group,SMB,Hospitality,EMEA,2026-04-20,2026-04-20,2026-12-09,annual,4536.69,15,8,4,3,2,2,1,1,4,1,2026-05-26,3.0
ACC-1072,Umbra Holdings,SMB,Education,North America,2023-08-31,2023-08-31,2026-08-20,annual,9993.95,36,29,29,25,17,16,10,6,3,0,2026-05-21,
ACC-1023,Nimbus Dynamics,Mid-Market,Hospitality,North America,2023-02-12,2023-02-12,2026-04-23,annual,74457.43,143,83,47,45,43,44,44,45,8,1,2026-05-13,3.4
ACC-1398,Vista Works,Mid-Market,SaaS,North America,2024-10-08,2024-10-08,2026-03-24,annual,64508.81,99,48,28,31,29,0,0,0,6,0,2025-11-08,
ACC-1185,Xenon Health,Mid-Market,Education,North America,2025-05-20,2025-05-20,2026-03-29,annual,128042.63,197,84,45,44,43,0,0,0,6,2,2025-11-16,
ACC-1348,Juniper Corp,Mid-Market,Logistics,EMEA,2023-06-15,2023-06-15,2027-01-05,annual,35959.26,133,105,66,62,46,40,26,17,2,0,2026-05-17,4.5
ACC-1103,Harbor Corp,SMB,Retail,EMEA,2023-07-13,2023-07-13,2026-09-18,annual,6673.22,37,25,0,2,1,2,0,0,4,2,2026-02-28,3.6
ACC-1407,Crestline Holdings,Enterprise,Media,LATAM,2026-04-18,2026-04-18,2027-04-13,monthly,49751.35,1157,649,311,372,410,472,480,522,8,2,2026-05-21,3.7
ACC-1211,Atlas Corp,Mid-Market,Media,APAC,2025-04-23,2025-04-23,2026-11-06,monthly,2332.55,64,40,1,2,1,3,2,2,4,1,2026-05-25,
ACC-1067,Zephyr Labs,Mid-Market,Manufacturing,North America,2022-07-14,2022-07-14,2027-04-11,annual,61863.93,211,172,96,95,90,90,85,94,5,0,2026-05-25,
ACC-1025,Maple Corp,Mid-Market,Construction,North America,2024-01-23,2024-01-23,2026-03-31,annual,71026.46,224,154,94,106,111,128,144,149,8,0,2026-05-25,
ACC-1196,Harbor Media,Mid-Market,Media,APAC,2023-09-16,2023-09-16,2027-09-16,monthly,5450.34,121,93,87,90,90,89,79,89,7,0,2026-05-27,
ACC-1175,Zephyr Dynamics,Mid-Market,Manufacturing,APAC,2026-04-01,2026-04-01,2027-02-05,annual,92484.05,175,147,108,81,77,53,45,24,5,1,2026-05-13,3.8
